ID,Categoria,Modelo_Gasolina,Marca,Tipo_Combustible,Motor_Denominacion,Cilindrada_L,Cilindros_Configuracion,Alimentacion_Inyeccion,Potencia_hp,Potencia_kW,Torque_Nm,Torque_lb_pie,Transmision,Traccion,Plazas,Tanque_Combustible_L,Longitud_m,Rendimiento_CDMX_km_L,Consumo_CDMX_L_100km,Costo_Combustible_MXN_km,Emisiones_CO2_Escape_g_km,Norma_Emisiones,Modelo_EV_Equivalente,ID_EV_Asociado,Ahorro_Energetico_BEV_pct,Rol_Operativo_CDMX
GAS-01,Van Colectiva,Nissan NV350 Urvan Pasajeros (Vehículo de Gasolina),Nissan,Gasolina Regular,QR25DE,2.5,4 en línea (DOHC 16V CVTC),Inyección Electrónica Multipunto,142,106,213,157,Manual 5 vel,Trasera (RWD),15,65,5.23,8.2,12.20,2.89,285.1,NOM-042 / EPA Tier 2,JAC E Sunray / Foton e-View,VAN-01 / VAN-02,74.5%,Base de transporte colectivo en ramales y colonias de CDMX
GAS-02,Van Colectiva,Toyota Hiace Pasajeros 3.5L V6 (Vehículo de Gasolina),Toyota,Gasolina Regular,7GR-FKS,3.5,6 en V (24V VVT-i dual),Inyección Mixta D-4S (Directa + Puerto),277,207,351,259,Manual / Automática 6 vel,Trasera (RWD),14,65,5.91,7.5,13.33,3.16,311.7,Euro V / NOM-042,Maxus eDeliver 9 / JAC E Sunray,VAN-03 / VAN-01,72.8%,Van colectiva de alta potencia y durabilidad estructural
GAS-03,Van Colectiva,Toyota Hiace Pasajeros 2.7L (Vehículo de Gasolina),Toyota,Gasolina Regular,2TR-FE,2.7,4 en línea (16V VVT-i),Inyección Electrónica EFI,164,122,245,181,Manual 5 vel,Trasera (RWD),14,70,5.38,8.0,12.50,2.96,292.3,Euro IV / NOM-042,Foton e-View / Jinbei Haise EV,VAN-02 / VAN-09,75.2%,Combi clásica de ruta urbana con bajo costo de refacciones
GAS-04,Van Alta Capacidad,Ford Transit Pasajeros 3.5L V6 (Vehículo de Gasolina),Ford,Gasolina Regular,PFDi Duratec 35,3.5,6 en V (24V Ti-VCT),Inyección Dual (Puerto + Directa),275,205,355,262,Automática 10 vel,Trasera (RWD),15,95,5.98,7.8,12.82,3.04,299.7,EPA Tier 3 / Euro VI,Ford E-Transit Pasajeros,VAN-04,71.0%,Rutas corporativas y alimentadoras de gran longitud en CDMX
GAS-05,Van Colectiva,Foton View CS2 Pasajeros (Vehículo de Gasolina),Foton,Gasolina Regular,4G69S4N MIVEC,2.4,4 en línea (16V SOHC),Inyección Electrónica Multipunto,130,97,200,148,Manual 5 vel,Trasera (RWD),16,65,5.38,9.0,11.11,2.63,259.8,Euro V,Foton e-View CS2 EV,VAN-02,77.5%,Alimentador directo de estaciones terminales de Metro
GAS-06,Van Colectiva,King Long Kingo Pasajeros (Vehículo de Gasolina),King Long,Gasolina Regular,4RB2,2.4,4 en línea (16V DOHC),Inyección Electrónica BOSCH,139,104,217,160,Manual 5 vel,Trasera (RWD),16,70,5.47,7.5,13.33,3.16,311.7,Euro IV / Euro V,Kingo EV (Simulador hackelectro),VAN-SIM,73.1%,Modelo de referencia comercial en el simulador del proyecto
GAS-07,Van Gran Capacidad,Joylong A6 Pasajeros Larga (Vehículo de Gasolina),Joylong,Gasolina Regular,4RB2,2.4,4 en línea (16V DOHC),Inyección Electrónica Multipunto,139,102,217,160,Manual 5 vel,Trasera (RWD),20,70,5.99,8.5,11.76,2.79,275.1,Euro IV / Euro V,Joylong E6 (20 plazas),VAN-08,72.4%,Capacidad máxima de van colectiva antes de saltar a midibús
GAS-08,Van Colectiva,Jinbei Haise H2 Techo Alto (Vehículo de Gasolina),Jinbei,Gasolina Regular,Xinchen V19,2.2,4 en línea (8V SOHC),Inyección Electrónica BOSCH,106,78,180,133,Manual 5 vel,Trasera (RWD),15,65,5.35,8.2,12.20,2.89,285.1,Euro IV,Jinbei Haise EV,VAN-09,76.2%,Plataforma mecánica sencilla para rutas periféricas
GAS-09,Micro-Van Capilar,Wuling Rongguang Pasajeros (Vehículo de Gasolina),Wuling (SGMW),Gasolina Regular,L3C / LAR,1.5,4 en línea (16V DOHC DVVT),Inyección Electrónica Multipunto,99,73,135,100,Manual 5 vel,Trasera (RWD),11,45,4.49,13.5,7.41,1.75,173.2,Euro V / China V,Wuling EV50 / Rongguang EV,VAN-10,74.8%,Rutas capilares de ladera en calles muy angostas
GAS-10,Micro-Van Capilar,DFSK C37 Minivan Pasajeros (Vehículo de Gasolina),DFSK,Gasolina Regular,DK15-06,1.5,4 en línea (16V DOHC VVT),Inyección Electrónica Secuencial,115,85,148,109,Manual 5 vel,Trasera (RWD),11,55,4.50,12.8,7.81,1.85,182.7,Euro V,DFSK EC35 Minivan EV,VAN-11,75.1%,Circuitos barriales cortos con radios de giro reducidos
GAS-11,Van Pesada,Chevrolet Express Passenger 4.3L V6 (Vehículo de Gasolina),Chevrolet (GM),Gasolina Regular,EcoTec3 LV1,4.3,6 en V (OHV con inyección directa),Inyección Directa de Gasolina,276,206,404,298,Automática 8 vel,Trasera (RWD),15,117,6.20,6.8,14.71,3.48,343.8,EPA Tier 3 / NOM-042,Maxus eDeliver 9 / MB eSprinter,VAN-03 / VAN-06,71.2%,Servicio colectivo y empresarial en calzadas primarias
GAS-12,Van Techo Alto,RAM ProMaster Pasajeros 3.6L V6 (Vehículo de Gasolina),RAM (Stellantis),Gasolina Regular,Pentastar V6,3.6,6 en V (24V DOHC VVT dual),Inyección Electrónica Secuencial,280,209,352,260,Automática 9 vel,Delantera (FWD),15,90,6.00,7.2,13.89,3.29,324.7,Euro VI / EPA Tier 2,Ford E-Transit / JAC E Sunray,VAN-04 / VAN-01,72.0%,Piso bajo de fácil ascenso para pasajeros en corredores
GAS-13,Microbús Tradicional,Chevrolet C3500 Coraza Tradicional (Vehículo de Gasolina / Gas LP),Chevrolet (GM),Gasolina / Gas LP,Small Block 350 / Vortec 5700,5.7,8 en V (16V OHV),Carburador / Inyección TBI/Vortec,190,142,407,300,Manual SM465/NV4500 4/5 vel,Trasera Dual (RWD),28,110,7.80,3.5,28.57,6.77,668.0,NOM-041 Histórica,BYD K7 / Volare Access-E,MIDI-02 / MIDI-01,74.0%,Microbús histórico CDMX base del programa Ruta 1 original
GAS-14,Microbús Tradicional,Dodge Ram Custom 3500 Colectivo (Vehículo de Gasolina / Gas LP),Dodge (Chrysler),Gasolina / Gas LP,Magnum 360,5.9,8 en V (16V OHV),Inyección Multipunto SMPI,230,172,447,330,Manual NP 5 vel / Auto 47RE,Trasera Dual (RWD),28,115,7.90,3.3,30.30,7.18,708.5,NOM-041 Histórica,BYD K7 / Zhongtong 8m,MIDI-02 / MIDI-04,74.8%,Chasis pesado de microbús para pendientes de alta inclinación
GAS-15,Microbús Tradicional,Ford F-350 Super Duty Chasis (Vehículo de Gasolina),Ford,Gasolina Regular,Triton 5.4L V8,5.4,8 en V (SOHC Modular),Inyección Electrónica EFI,260,194,475,350,Manual ZF 5 vel / Auto TorqShift,Trasera Dual (RWD),28,132,7.95,3.2,31.25,7.40,730.6,NOM-041/042,Volare Access-E / King Long XMQ6850,MIDI-01 / MIDI-06,75.1%,Microbús tradicional carrozado para zonas de ladera
GAS-16,Van Colectiva,JAC Sunray Pasajeros 2.0T (Vehículo de Gasolina),JAC,Gasolina Regular,HFC4GA3-3D Turbo,2.0,4 en línea (16V DOHC Turbo),Inyección Electrónica Turbo Gasolina,190,140,290,214,Manual 6 vel,Trasera (RWD),17,80,5.99,8.0,12.50,2.96,292.3,Euro V,JAC E Sunray Eléctrica (VAN-01),VAN-01,75.0%,Homólogo directo a gasolina en la misma carrocería JAC
GAS-17,Van Gran Capacidad,Volkswagen Crafter Pasajeros 2.0 TSI (Vehículo de Gasolina),Volkswagen,Gasolina Regular,EA888 2.0 TSI,2.0,4 en línea (16V DOHC Turbo TSI),Inyección Directa Turbo TSI,177,130,350,258,Automática 8 vel / Manual 6 vel,Delantera/Trasera,16,75,5.98,8.2,12.20,2.89,285.1,Euro 6d,Maxus eDeliver 9 / MB eSprinter,VAN-03 / VAN-06,71.5%,Van europea de alta eficiencia volumétrica y seguridad
GAS-18,Van Colectiva,Maxus G10 Pasajeros 2.0T (Vehículo de Gasolina),Maxus (SAIC),Gasolina Regular,SAIC 20L4E TGI,2.0,4 en línea (16V DOHC Turbo Direct Injection),Inyección Directa Turbo Gasolina,224,165,345,254,Automática ZF 6 vel,Trasera (RWD),11,75,5.16,8.5,11.76,2.79,275.1,Euro V / Euro VI,Maxus eDeliver 9 / Peugeot e-Traveller,VAN-03 / VAN-07,72.1%,Servicio colectivo ejecutivo y traslado médico hospitalario
