id,organizacion,titulo,url,consulta,dato_extraido,tipo_evidencia,limitacion
CFE-01,CFE,Esquema tarifario de negocio,https://app.cfe.mx/Aplicaciones/CCFE/Tarifas/TarifasCRENegocio/negocio.aspx,2026-10-08,Categorías PDBT GDBT GDMTO GDMTH,Normativa oficial,No determina contrato específico
CFE-02,CFE,Gran demanda en media tensión horaria GDMTH,https://app.cfe.mx/Aplicaciones/CCFE/Tarifas/TarifasCRENegocio/Tarifas/GranDemandaMTH.aspx,2026-10-08,Umbral 100 kW; franjas horarias y criterios de demanda facturable,Normativa oficial,Importes mensuales y región requieren selección
CFE-03,CFE,Gran demanda en media tensión ordinaria GDMTO,https://app.cfe.mx/Aplicaciones/CCFE/Tarifas/TarifasCRENegocio/Tarifas/GranDemandaMTO.aspx,2026-10-08,Suministro media tensión menor 100 kW; demanda de medición,Normativa oficial,No basta potencia nominal de cargadores
CFE-04,CFE,Gran demanda en baja tensión GDBT,https://app.cfe.mx/Aplicaciones/CCFE/Tarifas/TarifasCRENegocio/Tarifas/GranDemandaBT.aspx/1000,2026-10-08,Baja tensión mayor de 25 kW; capacidad y demanda facturable,Normativa oficial,No confirma red/tarifa de patio
ICCT-01,ICCT,Estrategia para el despliegue de flota eléctrica Metrobús líneas 3 y 4,https://theicct.org/publication/mexico-latam-hdv-zebra-mar22/,2026-10-08,TCO comparado; tarifas eléctricas y condiciones de carga modeladas en estudio de 2022,Estudio técnico,Resultados históricos modelados no facturas de CFE ni tarifas actuales
MB-01,Metrobús,Soy Eléctrico,https://www.metrobus.cdmx.gob.mx/dependencia/acerca-de/electricoMB,2026-10-08,Línea 3 60 eléctricos; Línea 4 primeros 20 y batería,Comunicación oficial,Página mezcla hitos históricos; no implica censo presente
MB-02,Metrobús,Concluye incorporación de 55 nuevas unidades eléctricas en Línea 4,https://www.metrobus.cdmx.gob.mx/comunicacion/nota/MB-22022024,2026-10-08,55 eléctricos sustituyeron diésel en febrero 2024,Comunicado oficial,No prueba que toda L4 sea eléctrica
MB-03,Metrobús,Pone en marcha nueva ruta Quetzalcóatl,https://www.metrobus.cdmx.gob.mx/comunicacion/nota/BMB-050226,2026-10-08,19 unidades eléctricas adicionales ruta Amajac-aeropuerto; inversión 112 millones,Comunicado oficial,Inversión de unidades no costo de electricidad
RTP-01,RTP,50 nuevos autobuses eléctricos RTP,https://www.rtp.cdmx.gob.mx/comunicacion/nota/50-nuevos-autobuses-electricos-de-la-red-de-transporte-de-pasajeros,2026-10-08,50 unidades rutas Balderas-Santa Fe y Cuatro Caminos-Constitución; 25 estaciones; inversión 470 millones,Comunicado oficial,Inversión de paquete no factura ni desglose eléctrico
MB-04,Metrobús,Unidad de transparencia,https://metrobus.cdmx.gob.mx/transparencia,2026-10-08,Canal de solicitudes de facturas contratos y consumos,Institucional,No se obtuvieron recibos en investigación
RTP-02,RTP,Ley de transparencia,https://www.rtp.cdmx.gob.mx/ley-de-transparencia,2026-10-08,Obligaciones de publicación de contratos y montos,Institucional,No confirma contrato particular
RTP-03,RTP,Centrobús accesible 12 unidades eléctricas,https://rtp.cdmx.gob.mx/comunicacion/nota/rtp-fortalece-la-movilidad-incluyente-con-unidades-accesibles-en-el-centrobus,2026-10-08,12 unidades eléctricas documentadas 2026-07-14,Comunicado oficial,No vinculado a fila M09
STE-01,STE,Red de servicios eléctricos CDMX,https://www.ste.cdmx.gob.mx/,2026-10-08,Red de trolebús; línea 14 listada,Institucional oficial,Requiere desglose por línea y operación vigente
MB-05,Metrobús,Línea 4: 74 unidades eléctricas de 124,https://www.metrobus.cdmx.gob.mx/comunicacion/nota/BMB-050226,2026-10-08,74 de 124 unidades a 2026-02-05,Comunicado oficial,Corte 2026-02; no extrapolar a todas rutas
