ID,Categoria,Marca,Modelo,Bateria_Nominal_kWh,Quimica_Bateria,Tecnologia_HVAC,Tara_Estimada_kg,Plazas_Nominales,Consumo_Base_kWh_km,Autonomia_Base_km,Consumo_Frio_Madrugada_kWh_km,Consumo_Calor_AC_Max_kWh_km,Consumo_Hora_Pico_Sobrecupo_kWh_km,Consumo_Subida_Pendiente_5pct_kWh_km,Consumo_Descenso_Regen_4pct_kWh_km,Consumo_Critico_Combinado_CDMX_kWh_km,Autonomia_Critica_CDMX_km,Perdida_Autonomia_Critica_pct
VAN-01,Van / Combi,JAC,E Sunray,77.28,LFP,A/C Inverter con BTMS Integrado,2800,17,0.270,315,0.302,0.329,0.332,0.485,-0.045,0.448,155,-50.7%
VAN-02,Van / Combi,Foton,e-View (CS2 EV),50.23,LFP,A/C Convencional + Calefaccion PTC,2250,16,0.220,235,0.251,0.275,0.273,0.412,-0.038,0.378,120,-49.1%
VAN-03,Van / Combi,Maxus,eDeliver 9,88.50,Iones de Litio,A/C Inverter con BTMS Integrado,2850,15,0.300,296,0.327,0.363,0.366,0.528,-0.052,0.492,162,-45.3%
VAN-04,Van / Combi,Ford,E-Transit,89.00,Iones de Litio,A/C Inverter con BTMS Integrado,2900,15,0.310,230,0.338,0.375,0.378,0.542,-0.055,0.505,159,-31.0%
VAN-05,Van / Combi,Renault,Master E-Tech,52.00,Iones de Litio,A/C Convencional + Calefaccion PTC,2500,15,0.260,200,0.286,0.320,0.317,0.470,-0.042,0.437,107,-46.4%
VAN-06,Van / Combi,Mercedes-Benz,eSprinter,113.00,LFP,Bomba de Calor con Recuperacion,3050,15,0.280,400,0.305,0.336,0.342,0.505,-0.050,0.456,223,-44.2%
VAN-07,Van / Combi,Peugeot,e-Traveller,75.00,Iones de Litio,A/C Inverter con BTMS Integrado,2100,11,0.230,330,0.248,0.276,0.276,0.395,-0.040,0.368,184,-44.3%
VAN-08,Van / Combi,Joylong,E6,86.10,LFP,A/C Convencional + Calefaccion PTC,2950,20,0.285,300,0.322,0.356,0.356,0.515,-0.048,0.485,160,-46.7%
VAN-09,Van / Combi,Jinbei,Haise EV,50.20,LFP,A/C Convencional + Calefaccion PTC,1980,15,0.200,250,0.228,0.252,0.248,0.370,-0.035,0.345,131,-47.6%
VAN-10,Van / Combi,Wuling,EV50 / Rongguang,43.20,LFP,A/C Convencional + Calefaccion PTC,1380,11,0.170,250,0.194,0.214,0.211,0.305,-0.028,0.289,135,-46.2%
VAN-11,Van / Combi,DFSK,EC35,38.70,LFP,A/C Convencional + Calefaccion PTC,1350,11,0.160,268,0.182,0.202,0.198,0.292,-0.026,0.272,128,-52.2%
MIDI-01,Midibús,Volare (Marcopolo),Access-E,150.00,LFP,A/C Inverter con BTMS Integrado,8300,26,0.600,250,0.672,0.738,0.720,1.185,-0.120,1.068,126,-49.4%
MIDI-02,Midibús,BYD,K7 / B8,174.00,LFP,A/C Inverter con BTMS Integrado,8200,26,0.690,250,0.773,0.849,0.828,1.295,-0.145,1.215,129,-48.4%
MIDI-03,Midibús,Yutong,E8,115.90,LFP,A/C Inverter con BTMS Integrado,7400,28,0.460,250,0.515,0.566,0.552,0.970,-0.105,0.819,127,-49.1%
MIDI-04,Midibús,Zhongtong,Midibús 8m,130.00,LFP,A/C Convencional + Calefaccion PTC,7800,25,0.500,250,0.565,0.630,0.600,1.035,-0.110,0.910,128,-48.6%
MIDI-05,Midibús,Skywell,Midibús NJGD,140.00,LFP,A/C Convencional + Calefaccion PTC,8000,25,0.560,250,0.633,0.706,0.672,1.115,-0.118,1.014,124,-50.3%
MIDI-06,Midibús,King Long,XMQ6850,160.00,LFP,A/C Inverter con BTMS Integrado,8100,26,0.610,260,0.683,0.750,0.732,1.180,-0.130,1.080,133,-48.7%
MIDI-07,Midibús,Hyundai,County Electric,128.00,Iones de Litio,A/C Inverter con BTMS Integrado,5200,33,0.510,250,0.556,0.617,0.627,0.965,-0.115,0.913,126,-49.6%
MIDI-08,Midibús,Hino (Toyota),Poncho Z EV,105.00,Iones de Litio,A/C Inverter con BTMS Integrado,5600,30,0.700,150,0.763,0.847,0.847,1.195,-0.155,1.218,78,-48.3%
MIDI-09,Midibús,Isuzu,Novociti Volt,211.00,LFP,A/C Inverter con BTMS Integrado,8200,52,0.700,300,0.784,0.868,0.896,1.420,-0.155,1.288,147,-50.8%
MIDI-10,Midibús,Karsan,e-ATAK,220.00,Iones de Litio (BMW),Bomba de Calor con Recuperacion,7600,52,0.730,300,0.788,0.869,0.934,1.435,-0.160,1.278,155,-48.4%
URB-01,Autobús 12m,DINA,Linner E,314.00,LFP,A/C Inverter con BTMS Integrado,13200,85,1.250,250,1.412,1.575,1.600,2.650,-0.320,2.350,120,-51.9%
URB-02,Autobús 12m,Yutong,E12,352.10,LFP,A/C Inverter con BTMS Integrado,12800,85,1.100,320,1.243,1.386,1.408,2.440,-0.290,2.068,153,-52.1%
URB-03,Autobús 12m,BYD,K9,324.00,LFP,A/C Inverter con BTMS Integrado,13500,85,1.290,250,1.458,1.625,1.651,2.720,-0.335,2.425,120,-51.8%
URB-04,Autobús 12m,Volvo Buses,Luminus,330.00,NMC (Litio),Bomba de Calor con Recuperacion,13000,85,1.320,250,1.426,1.584,1.690,2.710,-0.340,2.376,125,-50.0%
URB-05,Autobús 12m,Scania,Citywide Volt,330.00,NMC,Bomba de Calor con Recuperacion,13200,85,1.320,250,1.426,1.584,1.690,2.720,-0.340,2.376,125,-50.0%
URB-06,Autobús 12m,Mercedes-Benz,eO500U,384.00,NMC3,Bomba de Calor con Recuperacion,13600,85,1.500,250,1.620,1.800,1.920,2.980,-0.380,2.685,129,-48.5%
URB-07,Autobús 12m,Marcopolo,Attivi Integral,396.00,LFP,A/C Inverter con BTMS Integrado,13800,85,1.400,280,1.582,1.764,1.792,2.880,-0.360,2.604,137,-51.1%
URB-08,Autobús 12m,Irizar,ie tram,350.00,Iones de Litio,A/C Inverter con BTMS Integrado,14000,80,1.400,250,1.526,1.722,1.764,2.890,-0.365,2.562,123,-50.8%
URB-09,Autobús 12m,Hyundai,Elec City,256.00,Polímero de Litio,A/C Inverter con BTMS Integrado,11800,85,0.880,290,0.968,1.091,1.118,1.980,-0.220,1.628,141,-51.2%
URB-10,Autobús 12m,Tata Motors,Starbus EV,250.00,LFP,A/C Convencional + Calefaccion PTC,13000,85,1.250,200,1.438,1.650,1.600,2.640,-0.315,2.413,93,-53.4%
URB-11,Autobús 12m,Higer,KLQ6125GEV,300.00,LFP,A/C Inverter con BTMS Integrado,13200,85,1.200,250,1.356,1.512,1.536,2.570,-0.305,2.256,120,-52.1%
URB-12,Autobús 12m,CRRC,C12,315.00,LFP,A/C Inverter con BTMS Integrado,13400,85,1.210,260,1.367,1.525,1.549,2.590,-0.310,2.275,125,-52.1%
