ID_Factor,Dominio,Condicion,Rango_Parametrico,Factor_K_Van,Factor_K_Midibus,Factor_K_Autobus12m,Delta_kWh_km_Directo,Impacto_Autonomia_Estimado,Mecanismo_Fisico_Principal,Fuente_Clave
FAC-TMP-01,Clima y Temperatura,Frio moderado matutino en CDMX,5 a 12 degC,1.10,1.12,1.15,+0.04 kWh/km,-9% a -13%,Aumento de resistencia interna LFP + calefaccion basica desempanador,NREL-FLEET-2022 / MDPI-ENERGIES-TEMP-2022
FAC-TMP-02,Clima y Temperatura,Temperatura optima templada (Valle de Mexico),18 a 24 degC,1.00,1.00,1.00,+0.00 kWh/km,0% (Condicion nominal catalogo),Minima impedancia electroquimica; sin necesidad de HVAC intensivo,UITP-ESORT-2021 / CATL-LFP-TECH-2023
FAC-TMP-03,Clima y Temperatura,Calor moderado con A/C bajo,25 a 29 degC,1.08,1.12,1.15,+0.12 kWh/km,-8% a -13%,Compresor de A/C a carga parcial + circulacion de aire de cabina,ALTOONA-FTA-2023 / NREL-FLEET-2022
FAC-TMP-04,Clima y Temperatura,Calor pico / Ola de calor con A/C maximo,30 a 36 degC,1.20,1.26,1.32,+0.35 kWh/km,-17% a -24%,A/C maximo con apertura frecuente de puertas + bomba de enfriamiento liquido de bateria,ALTOONA-FTA-2023 / NREL-FLEET-2022
FAC-TMP-05,Clima y Temperatura,Frio invernal extremo de montana (Ajusco/Cuajimalpa),0 a 4 degC,1.18,1.22,1.28,+0.25 kWh/km,-15% a -22%,Perdida de movilidad ionica en electrolito LFP + calefaccion PTC continua,MDPI-ENERGIES-TEMP-2022 / CATL-LFP-TECH-2023
FAC-PAS-01,Carga de Pasajeros,Tara pura (Unidad vacia / traslado a patio),0% pasajeros (solo operador),0.88,0.85,0.82,-0.18 kWh/km,+12% a +18% autonomia,Menor masa inercial en arrancadas; menor friccion de rodamiento,UITP-ESORT-2021 / ALTOONA-FTA-2023
FAC-PAS-02,Carga de Pasajeros,Ocupacion baja / Horario nocturno,25% a 35% de plazas sentadas,0.94,0.92,0.90,-0.10 kWh/km,+6% a +10% autonomia,Carga ligera de lastre operativo,UITP-ESORT-2021 / SEVILLA-TOPOGRAPHY-2023
FAC-PAS-03,Carga de Pasajeros,Media carga estandar (Diseno base),50% capacidad nominal,1.00,1.00,1.00,+0.00 kWh/km,0% (Base de calibracion SORT-2),Masa media de diseno del ciclo de homologacion,UITP-ESORT-2021 / SAE-J1634-2021
FAC-PAS-04,Carga de Pasajeros,Plena carga nominal (100% capacidad sentados+parados),100% plazas legales (GVWR nominal),1.14,1.18,1.22,+0.22 kWh/km,-12% a -18%,Mayor energia cinetica en aceleraciones (0.5 * m * v^2) + resistencia rodadura,ALTOONA-FTA-2023 / SEVILLA-TOPOGRAPHY-2023
FAC-PAS-05,Carga de Pasajeros,Hora pico CDMX con sobrecupo extremo,125% a 140% capacidad maxima,1.22,1.28,1.35,+0.38 kWh/km,-18% a -26%,Masa adicional de hasta 2.5t a 6.5t en paradas y arranques cada 250m,NREL-FLEET-2022 / SEVILLA-TOPOGRAPHY-2023
FAC-TOP-01,Topografia y Pendiente,Tramo plano urbano continuo,0% a 1% de gradiente,1.00,1.00,1.00,+0.00 kWh/km,0% (Referencia plana),Solo vence resistencia al aire y a la rodadura,SEVILLA-TOPOGRAPHY-2023
FAC-TOP-02,Topografia y Pendiente,Pendiente suave ascendente (Eje vial con pendiente),2% a 3% pendiente media,1.15,1.22,1.28,+0.30 kWh/km,-13% a -22%,Trabajo gravitacional positivo continuo contra peso vehicular,SEVILLA-TOPOGRAPHY-2023 / BYD-K9-FIELD-2023
FAC-TOP-03,Topografia y Pendiente,Rampa o subida pronunciada de ladera (Tlalpan/San Fernando),4% a 7% pendiente pronunciada,1.35,1.48,1.62,+0.65 kWh/km,-26% a -38%,Alta demanda de torque a bajas rpm; alta corriente de descarga (perdidas I^2*R),BYD-K9-FIELD-2023 / SEVILLA-TOPOGRAPHY-2023
FAC-TOP-04,Topografia y Pendiente,Descenso con regeneracion activa optima,-2% a -5% pendiente descendente,0.55,0.50,0.48,-0.50 kWh/km,+45% a +52% retorno de energia,Motor actua como generador recargando bateria (eficiencia 60-70%),BYD-K9-FIELD-2023 / SAE-J1634-2021
FAC-TOP-05,Topografia y Pendiente,Descenso con bateria casi llena (SOC mayor a 90%),-2% a -6% pendiente descendente,0.92,0.90,0.88,-0.12 kWh/km,+8% a +12% retorno,El BMS capa o desconecta la regeneracion para proteger celdas; freno mecanico,BYD-K9-FIELD-2023 / CATL-LFP-TECH-2023
FAC-MET-01,Meteorologia y Asfalto,Lluvia moderada sobre asfalto mojado,Pavimento humedo / lluvia ligera,1.06,1.08,1.10,+0.10 kWh/km,-6% a -9%,Mayor resistencia a rodadura (+5 a 8%) por pelicula de agua + limpiaparabrisas/luces,TIRE-ROLLING-RAIN-2021 / NREL-FLEET-2022
FAC-MET-02,Meteorologia y Asfalto,Tormenta intensa de verano en CDMX con encharcamientos,Charcos de 2 a 5 cm + alta congestion,1.15,1.18,1.22,+0.24 kWh/km,-13% a -18%,Arrastre hidrodinamico de llantas en charcos + marcha lenta prolongada con desempanador,TIRE-ROLLING-RAIN-2021 / INECC-CDMX-CLIMA-2023
FAC-ALT-01,Altitud Geografica,Altitud Valle de Mexico (2240 a 2600 msnm),Presion atmosferica 77 a 74 kPa,0.98,0.97,0.97,-0.03 kWh/km,+2% a +3% (Marginal aerodinamico),Densidad del aire reducida en 20% baja arrastre aerodinamico a velocidades urbanas,SAE-J1634-2021 / BYD-K9-FIELD-2023
